<?xml version="1.0" encoding="UTF-8"?><?xml-stylesheet type='text/xsl' href='_UpgradeReport_Files/UpgradeReport.xslt'?><UpgradeLog>
<Properties><Property Name="Solution" Value="CH07-04">
</Property><Property Name="Solution File" Value="K:\WINDOWSQ\OK-960418-資料結構與演算法-VB\1.範例檔\VB 2005\書本範例\CH07\CH07-04\CH07-04.sln">
</Property><Property Name="Date" Value="2006年9月8日">
</Property><Property Name="Time" Value="18:54">
</Property></Properties><Event ErrorLevel="0" Project="CH07-04" Source="CH07-04.vbproj" Description="Project converted successfully">
</Event><Event ErrorLevel="3" Project="CH07-04" Source="CH07-04.vbproj" Description="Converted">
</Event><Event ErrorLevel="0" Project="" Source="CH07-04.sln" Description="Solution converted successfully">
</Event><Event ErrorLevel="3" Project="" Source="CH07-04.sln" Description="Converted">
</Event><Event ErrorLevel="0" Project="CH07-04" Source="CH07-04.vbproj" Description="Scan complete: Upgrade not required for project files.">
</Event></UpgradeLog>